product_id,ingridient_id,weight
119,4,866
341,8,173
301,4,799
70,6,260
462,4,1061
58,4,1101
50,2,890
199,4,778
369,1,300
269,5,460
204,3,1198
436,9,481
472,3,714
234,6,977
96,9,37
132,9,1105
65,9,325
51,8,1003
337,7,68
375,5,465
404,5,853
210,4,308
477,8,55
48,6,1015
490,8,367
17,4,516
222,3,748
366,1,490
477,2,519
111,3,748
63,3,93
118,7,1132
111,9,69
457,7,867
424,4,178
474,9,148
329,9,1048
441,7,158
134,3,349
327,6,967
335,1,115
37,1,546
293,9,684
173,4,215
101,6,1163
112,6,1125
61,9,179
475,7,911
254,1,992
435,4,635
271,8,468
118,1,472
153,7,768
480,8,844
234,6,587
87,2,986
391,1,1108
228,7,424
53,5,642
180,8,182
456,5,852
19,6,604
156,4,616
12,1,765
482,5,869
456,9,349
27,5,1085
236,6,812
282,6,1137
236,5,286
374,2,972
338,5,1178
481,7,96
238,5,749
110,4,521
389,4,943
460,6,445
380,5,733
396,2,95
239,9,605
468,1,1170
95,5,473
133,2,76
138,7,96
80,3,35
245,4,639
364,4,876
323,6,536
388,4,938
422,9,673
477,6,211
95,7,746
105,7,321
178,4,534
246,3,297
80,4,445
151,2,4
437,7,118
128,5,807
411,9,859
240,7,1008
422,2,985
290,4,1000
134,7,1016
180,1,536
81,4,683
174,8,225
166,4,293
356,1,135
405,9,1200
399,7,476
244,3,1185
154,9,371
79,2,1108
2,4,678
160,4,293
337,3,973
377,1,634
430,6,724
464,1,780
233,1,179
285,9,868
96,6,1040
89,8,1196
245,8,660
392,5,34
370,1,850
57,6,469
350,1,60
28,1,622
343,7,275
327,3,126
210,2,1089
143,4,609
409,8,1186
453,4,665
179,5,791
87,9,186
269,9,159
420,2,80
98,6,1193
263,4,465
99,3,11
339,4,948
450,8,202
367,3,693
310,7,65
64,2,798
363,1,777
363,5,887
452,5,380
260,4,299
139,6,108
34,4,835
33,2,212
66,3,901
493,4,1033
13,4,439
131,9,915
160,8,97
48,5,623
398,7,1035
33,1,29
334,9,638
446,5,566
253,5,474
454,2,735
386,1,723
365,7,425
221,1,1003
217,5,990
204,3,828
349,1,1193
404,8,1053
45,6,390
131,5,402
439,4,900
250,3,995
240,4,18
295,8,575
281,6,252
318,8,780
436,9,348
411,6,562
194,2,311
259,3,523
232,2,494
161,7,474
466,7,37
269,9,482
77,2,856
82,4,1195
195,8,267
437,2,139
266,4,944
80,5,979
443,9,333
169,2,350
224,4,485
231,6,671
175,1,1099
155,6,1186
87,2,514
176,3,324
5,3,452
408,3,134
430,2,632
285,7,592
108,1,24
49,6,99
400,6,932
381,9,114
9,3,394
291,4,900
164,4,284
207,7,538
344,3,86
4,2,190
425,8,592
454,9,869
2,1,417
388,9,791
437,4,719
17,1,176
290,6,680
13,7,1094
415,8,85
149,7,209
350,9,1057
145,8,974
407,8,785
235,2,18
277,8,1106
146,6,1065
160,1,720
309,9,434
475,5,272
293,2,12
35,7,1135
106,1,682
286,7,680
327,7,241
325,5,47
462,8,1041
189,2,93
471,3,783
75,5,144
349,1,607
30,6,751
347,8,624
280,9,215
309,4,94
411,4,1192
14,8,967
127,3,165
455,8,188
171,4,316
416,1,544
300,4,1090
150,8,353
200,3,885
350,4,837
341,2,1040
184,5,1101
349,3,254
150,4,898
334,4,5
158,7,1197
206,8,702
187,3,391
496,1,443
69,8,650
197,1,1114
184,2,848
32,7,586
420,7,63
30,8,720
110,4,1169
221,5,716
304,8,798
261,2,884
164,7,257
325,7,582
204,8,108
306,3,554
191,5,532
345,2,962
337,7,202
276,7,453
456,5,663
447,3,108
27,2,1143
64,7,1160
21,6,1076
1,8,1103
197,2,181
295,3,649
159,8,212
273,1,1174
105,5,703
40,6,226
121,1,514
214,2,973
5,3,115
101,7,636
81,9,227
422,2,247
267,8,976
425,5,959
433,3,754
448,3,17
44,2,9
44,4,643
114,9,382
90,9,761
455,5,920
188,6,169
343,6,726
263,9,244
229,3,314
200,4,1
160,1,820
160,1,538
457,3,408
61,6,571
79,8,973
488,2,632
17,5,994
393,1,746
288,3,162
165,5,938
89,1,919
52,1,486
131,3,845
186,9,697
155,1,1117
151,6,1184
309,7,1073
240,6,682
462,9,863
343,8,74
118,4,232
203,8,1079
277,1,51
143,5,811
348,3,116
29,1,399
490,4,268
407,2,862
71,1,254
27,2,1157
267,5,1119
265,1,469
212,4,291
311,8,708
20,6,1033
487,9,1181
43,8,495
255,6,1024
179,6,1004
141,9,285
128,6,767
283,9,528
251,3,175
379,1,361
386,5,83
494,1,758
496,6,462
388,6,441
226,8,1023
168,2,371
412,3,732
154,8,713
298,6,725
400,9,224
363,4,571
29,2,698
429,3,735
469,6,854
492,2,237
368,2,546
155,6,472
164,4,702
124,6,786
122,3,1176
146,2,668
93,9,14
118,7,493
219,7,1028
21,5,729
103,3,895
26,8,10
409,8,444
29,5,528
240,6,1025
470,2,630
31,4,1112
42,6,1152
389,9,1014
125,3,246
63,4,929
313,5,55
209,5,993
160,3,244
64,9,978
151,8,842
487,9,39
277,3,164
378,2,970
89,1,972
290,5,115
15,4,1136
46,3,715
437,5,589
446,7,492
394,6,130
245,6,388
375,1,946
381,8,128
91,3,876
492,8,910
172,9,1008
161,6,630
214,2,239
465,9,306
43,6,495
474,7,1031
26,9,1109
278,7,1153
16,7,720
216,4,69
462,3,829
481,8,433
235,3,214
459,2,179
78,2,477
14,6,88
34,5,887
24,5,15
379,4,1034
176,5,389
50,9,413
75,5,210
113,9,1075
299,8,663
198,9,618
352,2,874
91,2,516
8,4,876
151,7,270
268,7,1052
368,5,624
396,4,329
178,9,584
273,6,639
489,1,718
255,7,910
289,2,675
172,6,997
375,5,709
209,8,393
201,2,668
448,3,1002
472,3,771
420,5,786
54,2,701
157,2,168
258,9,23
61,7,734
393,4,893
173,4,1047
381,6,90
427,5,955
478,5,817
251,8,1058
226,6,451
90,4,2
477,9,938
459,8,1045
245,3,1036
80,4,1129
403,3,939
218,6,949
345,8,383
78,4,773
49,5,103
450,3,842
420,2,129
229,8,1027
217,8,617
183,8,733
298,4,120
485,7,409
188,9,499
155,7,1169
25,4,417
333,4,646
271,4,820
408,3,943
307,5,443
258,5,177
482,8,494
29,8,729
90,6,19
264,3,567
315,4,1034
188,7,927
368,3,1077
405,4,317
3,9,295
117,7,275
104,9,1081
238,5,511
135,2,780
481,1,411
49,5,1137
389,1,993
391,2,1089
412,5,562
370,9,266
296,5,618
430,6,215
395,1,518
449,3,624
402,4,234
227,9,1191
397,4,1058
468,4,391
368,7,549
383,8,979
401,2,113
325,7,1045
285,8,190
159,1,815
299,5,385
371,8,766
233,1,17
102,9,1116
110,9,203
477,3,708
367,3,673
425,5,934
159,9,1059
168,9,223
272,1,971
13,8,961
255,3,113
388,9,1072
214,9,367
412,1,625
275,5,16
455,5,173
96,1,107
473,6,197
150,7,126
208,6,314
241,8,1043
97,3,382
210,4,53
374,3,136
285,7,1114
374,1,309
249,9,373
15,4,539
332,1,25
216,8,575
216,6,219
298,6,698
113,2,603
213,9,1160
48,4,423
358,9,518
322,9,181
14,2,218
209,1,843
417,4,151
91,2,1009
299,5,976
68,5,1145
10,3,210
131,8,148
111,6,717
369,7,215
444,9,1014
46,7,1040
365,7,593
398,5,849
486,6,533
436,1,265
4,1,899
90,9,838
436,3,845
484,4,691
328,5,355
440,7,940
247,9,1042
249,3,314
401,4,713
61,6,264
379,9,377
470,6,591
230,5,1101
405,1,1057
11,5,509
26,9,900
283,4,647
111,8,478
53,9,259
250,5,418
428,1,1026
262,7,1126
399,6,397
231,3,939
272,1,791
181,2,485
458,3,550
157,8,580
401,7,566
453,8,928
371,7,692
134,6,624
401,4,74
313,1,450
121,7,461
462,5,1165
460,1,118
280,6,273
171,1,66
295,4,27
233,1,459
24,7,993
463,2,562
303,6,1
238,8,305
135,3,1150
146,1,566
358,7,123
217,3,763
452,3,780
306,6,556
382,8,42
211,2,681
452,4,368
139,7,701
422,5,553
78,5,94
259,4,25
227,3,956
359,4,765
135,8,967
195,5,858
23,4,289
458,4,1163
412,4,388
165,3,71
384,7,320
220,9,773
280,6,1082
32,3,187
494,1,938
36,5,144
205,3,717
474,9,440
404,5,274
328,7,884
91,5,518
17,6,742
128,8,716
186,9,887
257,8,680
437,8,1007
479,5,112
435,8,198
489,3,12
352,1,156
325,4,759
178,9,926
240,4,903
14,6,1160
200,4,243
462,1,26
63,5,714
20,7,1092
188,5,572
489,2,413
90,9,197
315,8,706
214,3,143
397,3,211
392,5,1179
403,8,1080
357,8,1068
7,4,922
319,4,647
217,2,850
26,1,56
142,1,750
140,9,107
86,8,1178
373,9,387
51,7,542
139,9,460
244,8,1185
237,8,789
290,9,1149
252,9,1000
202,3,245
321,4,1091
216,7,542
259,5,384
431,6,878
25,1,561
202,3,613
367,8,909
121,9,932
182,2,798
213,5,834
361,1,368
201,8,628
314,3,463
386,3,324
415,2,910
118,2,564
390,1,739
55,9,432
5,9,427
22,1,524
74,1,603
487,5,797
430,2,739
286,4,496
35,6,174
211,7,523
149,8,745
421,7,894
10,9,431
416,6,232
331,8,317
346,4,805
308,5,1122
68,1,202
318,3,1137
396,8,933
488,5,1110
26,1,1140
143,4,279
400,3,1160
282,4,398
201,7,726
186,7,934
211,8,33
95,6,822
28,6,828
459,5,757
279,8,447
411,3,845
491,5,380
17,4,485
478,3,786
44,5,271
265,7,923
223,2,898
412,6,595
256,2,1180
327,3,794
181,8,184
116,4,961
450,8,957
493,4,206
106,6,89
309,2,131
339,9,902
126,9,570
74,6,1180
131,4,56
73,6,547
140,2,962
250,9,689
341,8,299
404,5,1182
244,6,375
126,6,1135
156,9,506
398,7,628
397,3,1040
331,5,1117
334,7,411
485,9,1050
341,6,686
314,9,621
448,9,654
115,3,505
191,1,418
471,7,783
340,5,633
229,6,78
408,4,253
9,1,813
384,8,583
379,5,474
117,9,406
300,9,143
51,1,73
85,4,576
223,7,432
492,1,278
244,5,884
489,6,131
7,1,601
449,5,1152
363,9,314
76,6,1008
80,4,492
224,4,132
146,4,834
9,4,698
186,7,721
136,8,1137
425,8,855
300,9,718
164,2,95
363,8,214
316,4,1077
496,7,157
499,8,798
256,4,249
64,8,709
499,1,208
487,3,204
476,8,24
322,2,943
243,8,1071
264,4,868
301,5,18
404,2,680
231,5,267
27,6,994
70,6,1034
168,9,1047
31,8,594
267,5,544
453,3,15
354,7,426
333,2,271
84,2,895
13,6,733
141,1,1094
444,2,762
387,1,346
467,7,692
365,7,124
257,3,657
193,6,859
168,7,1109
264,5,364
132,6,921
253,7,1199
262,8,244
1,9,599
421,7,1189
424,6,1178
272,9,128
436,9,176
337,1,1039
154,7,152
180,5,1120
145,1,801
120,1,866
76,7,1092
442,4,1159
495,4,740
349,4,348
90,6,217
46,3,755
446,6,907
476,6,1089
12,1,949
278,6,432
186,2,173
108,1,1174
42,1,466
115,4,1020
474,9,684
316,3,1081
357,5,1043
312,1,695
93,1,942
38,9,796
365,3,924
97,3,241
328,4,307
280,4,696
7,8,1098
215,3,874
92,9,129
286,6,1079
45,4,552
111,5,315
214,5,257
282,7,253
3,6,603
449,8,838
15,6,669
357,9,306
369,6,243
401,1,1098
347,3,306
1,6,649
20,3,386
418,6,557
426,5,1069
123,3,217
110,3,496
330,7,944
361,5,791
498,7,315
398,6,809
231,5,104
340,8,432
406,4,660
153,9,370
453,5,527
437,5,784
318,5,470
227,9,357
279,8,505
473,3,776
81,9,670
134,5,845
71,6,131
81,9,707
167,6,810
56,6,1150
38,4,805
200,7,21
195,1,1128
287,1,393
274,9,719
235,8,805
53,6,136
87,3,802
299,7,1010
457,2,1034
284,7,351
173,3,750
152,7,441
138,2,981
238,1,1030
4,2,280
273,2,1142
453,9,431
264,4,129
476,9,96
24,7,360
84,8,16
351,3,584
311,6,101
273,1,346
397,6,294
276,5,790
333,7,871
298,3,142
245,2,1136
377,1,941
106,6,3
55,9,498
199,4,988
369,3,488
20,8,791
130,6,937
496,7,699
411,1,1094
410,9,885
364,9,366
185,3,385
166,7,145
105,1,102
76,8,943
454,9,628
462,1,51
199,8,334
219,3,827
203,2,704
128,6,659
291,8,281
113,2,72
152,5,994
75,7,561
344,2,690
149,5,400
195,5,1068
4,1,414
151,1,715
257,4,936
88,9,349
92,7,485
468,4,415
211,5,599
16,8,647
101,2,1157
398,6,158
94,4,809
321,5,320
372,3,565
452,5,580
18,5,896
150,5,732
500,3,1117
310,4,674
436,8,873
268,6,594
166,8,1080
28,9,297
214,1,39
399,9,869
78,6,846
102,3,853
168,4,831
302,6,800
132,1,447
465,9,1067
188,2,925
194,1,20
326,6,1105
161,9,59
234,4,207
409,2,1020
351,8,549
146,7,826
67,3,693
426,5,655
38,4,567
275,6,1181
209,1,155
317,4,1050
317,4,776
408,1,114
351,8,558
435,9,215
282,8,337
146,6,403
392,9,443
350,5,966
421,2,82
395,8,1003
15,4,392
70,8,726
225,7,992
475,8,347
369,5,548
365,1,596
207,5,549
463,1,872
272,3,684
437,2,1200
301,1,904
351,7,803
341,6,704
251,5,182
181,4,1011
492,3,874
481,7,562
88,1,3
110,1,253
64,1,605
489,8,1017
9,4,314
341,1,868
133,1,737
311,1,106
146,5,615
448,9,810
477,4,22
251,9,656
358,2,653
277,8,719
76,9,793
96,4,1082
257,5,743
21,7,623
392,3,312
174,7,488
308,6,1199
39,7,264
269,8,1117
308,8,1169
382,8,986
389,9,1024
272,3,1073
365,2,762
102,6,710
7,7,249
16,7,222
203,2,950
323,6,140
197,6,462
433,9,175
341,9,670
418,8,644
440,9,1144
386,2,986
150,2,422
132,4,136
212,5,53
9,6,620
138,1,251
8,2,963
116,2,360
8,9,12
33,9,782
220,8,63
121,6,733
249,4,785
52,3,722
455,4,209
412,2,406
140,5,541
285,3,73
208,4,1056
238,2,722
328,9,1174
342,4,111
11,9,549
3,7,1042
356,4,690
309,3,79
178,9,54
98,7,323
430,9,117
322,9,515
441,5,649
488,5,1022
112,4,901
165,8,37
174,5,413
54,2,465
131,5,537
359,8,919
103,2,948
471,8,571
104,7,491
414,1,644
163,6,182
116,1,401
337,8,455
16,7,830
59,5,200
53,4,272
451,5,1167
26,2,611
68,9,392
147,4,461
267,9,552
51,8,620
175,6,378
461,3,1116
375,7,400
106,4,192
434,4,709
226,9,474
448,6,267
290,2,386
137,9,354
313,1,1182
416,4,28
331,4,35
429,5,1033
390,5,32
190,2,282
200,7,629
83,8,1080
468,8,467
335,8,140
481,3,916
412,2,865
414,4,834
394,6,688
71,2,884
478,7,805
253,6,778
243,4,669
319,8,833
298,9,1038
110,3,840
60,5,1147
383,5,715
90,8,32
71,4,569
410,6,1079
318,6,558
470,8,209
57,8,1048
218,5,311
290,2,481
5,9,942
113,7,1069
304,7,777
259,4,635
412,7,893
197,9,588
348,3,799
169,1,171
473,5,484
148,3,648
375,3,382
244,3,348
78,7,95
371,5,301
142,6,639
171,3,168
103,6,98
95,3,965
51,7,544
442,2,456
209,7,64
378,2,699
109,4,544
270,3,203
185,1,855
170,1,345
454,4,947
41,3,441
151,5,5
10,3,421
43,2,687
230,1,501
434,8,547
411,3,304
383,8,234
469,6,699
313,6,526
111,8,926
121,8,1099
54,2,236
344,7,532
51,6,397
78,6,921
253,4,346
317,6,484
186,7,210
223,1,1058
171,6,521
312,8,674
61,6,554
419,4,1100
11,4,1087
86,6,824
20,6,1107
140,9,898
354,3,147
346,5,830
87,9,256
71,5,159
81,6,419
376,4,353
358,4,826
207,5,296
414,9,611
150,9,239
367,2,559
263,7,316
327,8,565
152,2,22
98,2,882
84,2,997
77,5,487
485,9,392
306,4,934
287,4,974
107,4,13
210,8,1165
273,9,1113
476,2,109
262,1,120
12,1,844
387,5,729
435,9,700
272,2,1130
400,6,758
300,4,938
453,8,143
358,4,964
85,9,626
87,9,1090
212,1,382
398,5,96
10,3,1083
182,5,683
143,7,146
244,8,22
180,5,399
6,7,831
496,6,64
163,4,1067
452,1,787
31,5,114
441,7,183
463,2,835
308,9,1155
201,7,255
288,2,351
176,4,854
309,6,1100
176,3,678
361,7,1018
199,4,474
494,7,119
41,4,1108
159,7,1000
307,1,772
368,1,301
168,6,902
235,2,1150
217,4,118
167,6,353
497,8,423
198,7,1068
240,7,1054
488,6,879
273,2,72
34,7,291
291,2,900
389,2,758
270,2,566
233,5,359
248,1,730
146,4,25
498,3,618
338,1,553
133,4,130
179,6,1182
487,8,246
272,4,1078
113,3,193
1,7,977
17,5,285
85,4,1029
163,8,497
195,2,1030
134,8,741
140,3,1167
7,5,478
28,9,986
136,6,595
361,2,809
95,6,413
16,2,750
208,9,927
477,5,1141
284,1,186
316,3,1072
309,1,834
428,9,742
269,7,1022
106,1,831
271,5,1167
248,1,1058
304,4,400
159,8,121
118,9,96
444,2,1100
118,3,358
256,4,404
379,8,523
119,7,1164
390,1,350
60,4,1159
68,9,718
197,9,638
266,9,25
467,7,412
179,8,928
363,3,67
292,2,1005
261,7,569
344,4,455
85,6,360
221,1,205
173,2,1185
262,9,22
70,2,1143
286,9,85
151,8,642
159,5,1115
271,1,891
500,8,908
72,2,180
443,5,442
354,9,941
474,1,67
107,5,473
30,2,957
20,3,1079
448,4,497
97,5,891
410,7,283
464,8,381
151,6,18
119,7,316
212,8,577
63,5,196
153,9,530
486,5,655
277,1,171
104,2,23
105,7,244
350,2,338
337,8,1135
331,7,1161
73,3,987
372,3,314
124,5,1008
330,2,31
28,5,227
148,4,741
56,7,649
293,8,866
466,1,462
295,6,232
189,2,885
487,2,26
318,1,3
174,9,829
212,4,916
462,7,301
98,1,970
107,8,101
211,3,701
138,8,1060
62,3,250
332,5,205
75,6,553
181,3,435
133,5,214
348,2,1198
330,7,544
236,6,307
451,3,738
439,9,991
99,3,751
151,9,983
201,3,1071
146,6,609
191,8,314
190,1,432
339,8,1032
37,6,1107
303,7,739
259,2,128
175,8,251
15,6,785
143,2,1062
40,4,135
201,1,742
442,7,578
172,1,315
144,5,304
351,5,1090
147,6,403
314,9,1096
54,4,425
220,5,71
346,9,553
476,3,872
3,2,1198
370,6,243
96,8,1059
457,5,158
87,3,187
402,6,251
100,8,167
241,1,1019
304,4,796
149,9,473
274,1,200
256,6,53
451,6,474
133,9,1140
139,4,88
433,1,568
302,5,968
329,2,464
276,7,644
5,1,118
53,4,480
419,1,213
30,1,974
302,5,1171
230,3,866
316,7,1081
58,7,1142
91,7,409
344,6,966
361,8,100
215,4,1115
302,3,384
50,9,90
479,5,631
486,2,99
13,3,435
310,8,628
431,8,282
275,3,762
370,2,391
387,5,246
324,3,888
103,6,256
465,9,104
143,9,831
444,1,1088
227,7,1163
223,4,1113
418,4,45
497,9,980
482,2,724
168,8,211
254,5,264
352,1,34
434,3,1119
22,1,717
110,1,1065
239,1,496
495,5,955
477,4,32
129,5,1074
91,4,419
187,5,630
81,5,303
259,3,357
34,8,733
374,4,1104
124,9,961
222,2,235
362,9,210
263,7,16
200,1,632
25,1,432
432,3,451
348,8,993
236,3,827
491,1,530
383,6,1188
80,6,46
33,3,731
42,4,811
163,7,984
187,8,1176
101,1,981
384,2,7
482,5,854
403,5,1099
123,1,1022
115,4,262
356,7,150
458,8,868
45,3,724
325,2,801
38,5,1023
494,4,231
428,4,893
498,5,13
454,4,613
96,9,196
457,6,928
59,5,41
242,4,125
301,2,387
132,2,791
411,2,246
355,8,583
433,8,843
280,8,380
14,1,985
328,4,907
237,6,537
415,6,183
30,1,703
53,5,876
91,9,531
241,2,1084
134,7,894
305,4,1062
429,3,490
447,5,425
138,1,913
482,7,1033
432,9,559
455,5,565
242,2,989
459,7,507
293,6,1189
111,5,720
118,3,704
459,4,914
388,3,596
424,6,1186
367,2,744
439,3,257
121,8,197
377,7,12
275,1,767
2,8,415
315,8,418
228,6,181
260,1,1188
468,8,967
453,3,1016
488,5,148
205,9,334
384,7,725
122,6,271
128,2,864
235,1,895
490,2,396
456,4,695
336,7,435
96,2,128
353,7,1043
257,9,811
82,6,741
469,1,913
331,3,575
212,5,203
120,1,1128
467,5,574
44,4,548
221,7,795
420,7,173
164,9,158
242,8,376
82,1,686
41,5,37
434,1,348
185,2,409
220,1,217
477,1,1053
105,7,824
53,2,665
114,5,262
66,6,1094
340,4,734
62,6,919
431,9,1049
132,4,687
280,7,885
436,3,777
378,9,416
192,4,1130
140,6,300
85,9,352
260,4,530
85,2,514
105,7,891
381,4,649
225,7,303
125,2,842
108,5,156
348,4,775
106,2,280
40,3,521
226,7,181
470,5,375
474,5,55
120,3,903
294,8,444
278,6,481
459,3,765
297,5,777
12,6,1064
204,6,1153
493,4,935
97,9,39
72,2,19
405,4,190
238,8,1147
165,4,259
16,1,1032
360,9,15
228,7,270
380,9,305
142,3,861
10,4,254
154,4,547
1,3,1019
257,8,232
20,8,955
28,7,576
183,2,789
292,1,847
298,5,721
242,7,63
177,2,800
392,2,811
191,9,181
157,7,638
480,6,212
429,6,96
173,8,984
281,9,227
146,6,1076
442,8,347
305,9,254
183,9,623
86,5,902
498,6,132
109,5,1127
206,8,368
350,5,1002
436,5,151
490,3,970
123,4,284
149,2,1168
43,3,854
337,4,811
304,4,237
55,5,49
482,9,905
153,8,428
464,3,1047
120,4,18
179,1,1087
405,8,61
117,1,1142
270,4,893
81,2,423
419,8,136
147,1,768
35,9,418
251,8,771
248,6,114
289,5,1043
230,4,759
226,5,767
26,6,539
38,5,613
195,8,1197
161,7,494
315,2,13
498,4,551
181,2,1166
475,5,220
27,6,4
61,7,474
57,7,1030
453,5,853
434,5,1000
62,4,1090
334,5,1084
476,4,386
487,1,872
97,1,38
333,3,982
200,9,411
127,8,321
327,5,292
194,4,669
263,5,1084
329,7,103
119,9,382
98,3,339
285,4,76
173,3,1083
401,2,946
457,5,643
306,1,1112
158,1,218
408,9,293
413,4,985
230,8,1168
7,2,946
101,3,888
400,8,606
5,1,835
355,9,1124
13,7,723
477,1,1175
329,6,551
463,3,1144
385,4,1026
306,5,150
410,6,1187
32,3,1016
263,2,830
435,2,1085
36,6,339
181,4,1192
179,9,230
57,3,348
356,7,495
88,4,338
444,3,620
433,4,212
410,8,827
191,8,721
135,8,863
301,3,475
271,6,788
347,1,524
126,7,200
421,5,746
134,3,162
146,4,112
300,2,279
234,3,362
331,8,911
374,8,1078
493,6,1080
276,1,496
405,9,194
77,8,97
178,3,1062
101,7,609
162,1,138
387,8,436
126,2,649
116,8,161
215,5,76
257,2,859
434,8,861
163,9,1186
279,2,691
442,8,942
257,2,677
247,9,1001
419,1,308
121,1,1150
417,8,200
148,7,1125
419,4,374
131,1,837
112,8,438
175,9,1013
301,7,833
396,9,642
229,6,64
326,4,950
296,8,166
374,1,292
183,2,1194
209,4,102
477,2,880
381,3,1173
145,7,899
275,5,1161
257,2,564
292,8,890
297,8,706
254,6,978
95,5,526
280,6,200
371,1,1171
460,7,969
448,5,678
238,9,1170
499,8,881
103,1,934
302,1,631
68,2,562
411,4,757
73,5,19
350,8,637
399,3,951
217,7,271
88,5,730
499,5,865
490,3,895
186,9,59
474,3,92
56,7,885
313,8,596
310,9,448
279,7,910
266,6,1108
198,7,462
62,7,790
329,1,520
472,8,989
454,1,422
138,4,1198
202,7,580
433,3,962
459,6,1039
87,6,62
165,5,548
324,1,83
57,6,1160
290,6,839
242,6,780
277,7,392
241,8,455
266,1,1185
353,8,296
395,8,1060
308,2,936
443,9,1007
95,3,374
149,9,228
428,7,198
458,3,777
132,3,569
454,6,123
262,7,190
168,9,416
426,2,93
406,6,973
342,1,619
130,9,1100
403,7,996
318,5,123
360,8,959
439,1,112
283,6,526
58,1,6
352,6,140
422,5,478
339,9,624
333,8,266
35,6,438
130,8,95
336,2,186
496,5,133
187,9,385
132,8,617
333,9,870
275,6,835
473,9,946
43,6,607
478,1,309
90,1,501
181,1,1065
208,6,760
287,5,342
386,5,420
146,6,723
485,2,262
47,1,38
432,3,1122
100,1,976
272,5,206
419,2,135
339,1,770
100,5,1042
329,7,906
59,4,474
485,2,10
26,5,405
24,1,669
10,6,528
238,5,777
405,4,17
141,1,342
20,8,1185
146,6,955
297,3,690
308,3,877
24,7,791
495,3,726
53,2,797
42,4,934
97,6,1062
299,2,1163
211,2,683
279,3,1055
390,1,291
299,6,1183
243,2,1120
357,5,199
152,2,243
207,8,1118
22,1,1189
441,6,602
131,3,59
451,8,1182
369,4,671
340,1,356
21,9,767
480,9,765
413,3,252
326,6,684
496,2,348
274,5,1197
228,1,418
356,6,1157
365,5,1039
386,7,1029
12,6,863
344,8,651
386,5,17
333,7,944
97,8,412
386,5,526
221,6,1122
384,8,575
301,9,56
482,1,9
336,3,1198
369,7,918
41,9,969
101,2,235
19,8,1134
309,3,854
49,8,40
341,5,1014
136,6,1111
137,9,779
358,9,598
218,8,808
412,6,67
58,8,839
69,6,1010
336,9,893
445,1,995
97,4,930
262,1,597
434,7,143
309,9,638
233,1,132
255,2,570
241,9,489
408,3,841
284,9,901
311,9,562
492,2,589
121,2,91
352,8,1066
41,9,554
101,1,509
467,7,196
282,8,595
444,1,891
348,6,157
112,9,755
194,8,520
379,7,826
87,5,234
447,9,350
197,6,597
326,9,1200
478,5,796
440,4,1024
382,8,458
125,5,761
152,8,1057
114,4,626
500,8,958
420,7,55
111,2,342
312,1,1043
289,7,1165
353,8,1060
191,7,872
178,2,250
171,4,911
289,9,218
205,9,577
155,6,223
357,4,235
403,2,1080
129,6,1179
477,3,250
355,9,934
19,5,24
190,5,161
432,4,333
143,1,41
210,4,800
294,5,625
160,8,42
455,4,554
380,5,519
49,3,302
458,6,833
418,5,1068
198,4,1032
13,7,553
37,7,1150
361,7,1105
300,1,1119
200,9,528
269,3,277
355,2,528
350,9,990
440,5,521
269,8,245
237,7,667
104,4,1152
266,8,578
44,6,671
257,1,749
377,8,907
36,8,926
493,2,650
350,8,1097
308,4,551
409,5,1057
288,8,1078
273,1,132
118,2,114
232,3,117
467,6,303
498,8,707
104,7,761
339,8,916
359,3,703
300,5,38
36,4,457
15,8,604
406,7,349
428,1,968
277,9,722
262,3,1131
449,8,177
472,5,179
236,7,537
314,9,247
184,4,358
249,7,863
496,9,220
74,8,24
282,7,282
138,8,613
233,6,1100
67,1,400
381,8,2
488,8,15
315,3,664
430,9,1126
318,4,507
449,4,263
371,8,399
384,5,754
53,9,194
350,7,233
445,7,706
332,5,1172
100,9,553
44,8,698
252,1,428
395,9,604
45,4,1152
361,7,821
263,4,1166
147,4,490
12,7,1193
310,1,926
339,6,962
69,3,730
281,3,711
348,8,964
468,3,1184
3,1,517
451,7,343
468,9,390
256,7,1184
240,8,976
366,9,885
147,6,822
148,1,489
307,2,1180
288,3,245
273,1,129
478,3,491
412,3,1054
29,1,240
499,8,1000
106,6,1
297,5,911
5,5,503
318,5,1010
235,1,417
225,8,253
419,1,121
305,2,304
62,7,852
194,7,1117
458,2,980
437,8,998
445,3,555
348,5,823
335,7,83
266,3,737
460,3,179
319,5,48
224,4,1031
433,4,47
462,2,1043
312,8,815
319,1,1114
298,6,259
195,7,153
382,8,1007
437,9,747
86,2,882
96,9,37
254,3,213
487,3,741
60,6,450
427,9,717
204,1,627
61,3,794
226,7,1138
456,3,485
218,5,855
111,5,1135
111,9,669
96,5,847
31,8,907
5,1,318
389,9,1053
7,2,63
277,3,62
432,5,143
301,5,643
418,9,444
105,7,606
212,3,777
377,4,664
312,2,1015
279,9,215
197,3,1065
411,1,916
483,1,865
127,6,750
104,5,144
422,5,189
305,9,854
308,8,844
63,6,784
398,3,707
351,2,330
376,5,90
489,8,388
393,1,271
373,7,875
286,1,377
291,2,421
4,5,629
436,5,753
380,3,811
54,7,349
98,9,1043
155,1,780
90,1,124
25,3,390
300,8,1045
279,3,199
305,3,1039
364,5,1
293,5,540
429,6,754
174,4,1184
92,9,1159
254,1,53
469,1,398
187,4,657
227,2,152
32,8,865
172,1,1169
216,5,1127
38,1,643
74,4,446
415,4,202
430,5,242
423,6,957
73,7,705
24,6,708
422,2,1148
418,6,19
73,7,261
207,3,772
19,2,810
170,1,1106
355,1,568
297,5,446
234,6,42
209,6,411
232,9,914
158,9,63
6,1,559
317,1,200
364,7,1177
113,5,1076
126,4,878
322,2,616
277,4,823
10,1,1053
395,4,172
118,9,983
202,6,224
205,2,534
174,7,853
1,9,526
472,4,1067
32,6,1181
391,4,21
31,1,837
397,7,98
373,5,1113
274,5,1181
321,9,687
393,9,341
33,3,61
182,5,881
125,1,661
197,2,955
265,3,119
324,3,985
334,9,640
398,3,324
405,3,1031
34,2,1101
488,3,969
500,7,531
41,3,1068
190,4,1130
382,9,384
52,3,390
197,8,996
94,4,843
428,8,852
112,8,825
487,9,677
492,1,848
446,8,242
478,9,164
95,5,741
259,4,936
195,1,119
137,2,49
383,7,811
292,7,785
406,8,842
338,9,1151
192,6,519
113,2,1079
313,4,48
12,7,171
354,3,949
231,2,230
238,4,645
251,4,34
156,9,231
352,7,1157
288,4,755
493,5,1029
474,7,457
13,1,1057
149,8,682
443,4,823
121,3,1108
138,6,64
15,1,388
162,5,628
123,7,1167
80,8,457
493,7,671
467,3,1052
193,1,782
379,2,106
139,2,923
350,7,591
6,5,852
166,5,407
372,5,613
396,9,28
496,8,899
225,3,1185
437,8,220
137,6,273
28,8,942
274,3,581
85,9,887
156,4,608
22,8,539
439,4,959
466,7,968
496,4,108
111,8,276
48,3,697
394,3,888
355,7,851
328,6,171
171,2,101
58,6,1052
66,9,806
326,9,587
266,2,64
374,9,8
443,7,992
467,1,1008
290,1,181
406,8,1140
438,6,1184
472,4,21
91,1,233
94,6,34
421,6,6
242,3,1017
353,8,255
359,9,734
111,4,173
292,4,91
368,8,745
383,5,1006
431,5,908
76,2,558
118,7,303
233,6,141
243,6,346
237,9,1039
411,6,379
125,7,97
217,7,508
144,5,531
47,2,280
63,4,229
184,9,924
239,4,464
244,2,170
405,3,73
206,8,428
212,8,123
430,6,1054
331,6,771
440,4,1172
114,9,191
271,9,1133
361,7,881
219,1,120
28,4,336
392,9,36
277,7,466
282,4,622
110,3,228
342,8,90
342,6,293
485,2,191
47,6,189
307,2,949
224,3,699
208,8,325
261,6,1039
219,5,928
178,9,567
274,5,198
313,5,1175
104,3,662
487,3,1038
408,3,49
249,4,1083
109,3,717
27,3,598
468,1,369
407,1,661
208,8,371
216,7,299
15,5,663
454,2,683
384,2,440
51,5,907
106,5,5
395,5,288
483,7,102
388,6,399
282,7,854
173,9,451
14,7,480
250,8,121
384,9,93
432,2,193
108,1,1003
213,4,740
162,3,956
297,6,247
406,4,233
19,9,612
85,5,107
309,3,1093
4,3,246
251,8,742
410,3,185
170,2,266
134,1,435
360,4,199
181,7,405
477,8,746
284,6,192
421,5,830
101,5,860
222,8,323
368,8,716
493,2,867
347,2,457
380,3,722
202,5,657
355,6,525
143,7,630
305,6,132
476,5,513
119,1,891
374,6,744
365,8,235
460,5,228
55,2,935
108,6,832
17,1,925
284,9,110
375,6,449
409,6,857
470,6,628
339,3,49
13,1,504
113,6,863
294,4,482
273,6,408
377,1,886
292,7,481
346,6,60
252,5,723
276,3,717
22,4,314
59,8,589
97,6,1101
32,7,931
463,3,633
134,5,98
127,2,495
71,8,624
333,5,801
232,5,441
96,8,567
385,2,254
185,4,472
159,5,795
395,4,852
420,3,1055
238,2,924
149,9,798
158,5,566
421,7,1164
456,6,706
194,1,854
357,8,1019
435,6,2
322,2,963
252,6,194
147,4,650
2,5,1157
399,7,602
306,7,475
185,9,990
382,7,986
423,6,451
344,1,891
121,1,541
396,2,193
54,5,771
321,1,113
112,3,133
301,3,1028
359,9,746
292,7,764
63,2,1189
380,6,86
220,5,663
209,9,1136
288,2,488
44,7,414
266,6,1136
9,5,141
201,1,762
328,6,685
354,7,1133
448,9,1053
46,3,426
48,5,770
143,6,4
419,1,920
347,8,524
68,5,624
139,7,127
312,5,1165
118,2,410
208,3,612
115,1,800
449,8,6
32,1,1003
418,1,105
455,8,898
112,3,153
494,1,448
279,2,856
125,2,98
397,9,1034
286,7,1148
124,5,470
141,9,216
395,2,302
143,3,818
265,5,773
337,8,425
98,8,641
62,5,410
424,7,942
500,2,1073
256,7,1018
343,1,727
10,9,500
351,4,581
386,9,295
109,6,1052
494,6,963
462,6,9
481,9,299
417,3,628
492,4,441
224,4,784
483,2,111
179,2,1096
380,4,862
22,9,1199
191,9,227
429,3,917
102,2,391
354,5,777
462,4,1177
397,4,490
235,9,1193
411,9,530
66,4,602
407,3,32
493,3,435
324,5,664
11,4,1050
117,8,750
70,3,409
304,7,576
240,7,356
129,7,547
478,8,259
218,7,947
278,4,850
243,8,277
241,4,553
86,2,422
342,1,50
38,2,601
469,5,773
448,8,124
215,1,768
388,5,389
355,1,670
59,5,575
31,1,651
167,6,336
440,1,417
272,6,88
326,2,576
69,5,605
297,5,1199
199,1,1043
386,8,650
63,4,1013
42,3,686
3,5,114
372,2,41
315,5,208
101,9,1183
135,1,493
241,6,728
269,9,235
57,6,200
316,9,887
271,5,283
442,6,731
300,1,478
467,5,1095
68,2,926
130,7,1161
64,7,1186
160,1,715
230,1,881
305,4,250
159,7,1153
20,5,1185
438,7,379
453,1,1068
242,1,495
139,4,1118
142,6,159
457,1,459
364,6,53
485,2,254
343,7,619
301,5,165
18,8,847
202,5,1124
476,4,1009
206,4,1059
100,8,862
467,9,997
179,7,1153
474,1,454
267,2,1166
60,6,637
182,9,243
443,9,423
118,9,589
78,9,183
129,8,994
484,7,1183
368,2,961
145,2,636
289,1,1199
58,6,77
497,4,226
446,9,322
289,5,137
116,9,1138
374,3,799
479,9,1030
338,2,93
294,8,953
157,4,95
204,9,211
228,9,326
98,2,815
433,9,1158
209,9,195
232,6,565
275,9,797
133,4,610
407,2,514
168,1,337
49,4,1015
460,7,685
311,5,1192
104,3,1124
452,2,902
381,5,1108
421,4,212
113,5,642
68,2,195
376,2,750
239,9,629
126,4,908
63,3,739
118,1,728
275,9,913
289,9,1014
305,8,985
16,7,398
457,5,720
476,1,160
164,6,890
377,5,873
411,4,876
167,5,426
37,5,1064
70,3,219
118,5,817
133,7,614
317,6,66
89,9,210
73,9,183
274,3,596
151,6,797
329,2,370
146,3,221
166,9,488
146,5,863
214,2,651
440,1,180
490,3,674
401,9,281
256,5,722
115,9,384
50,5,649
362,9,901
333,2,230
21,3,159
435,1,813
173,5,176
325,9,776
104,6,19
158,2,442
320,2,664
115,3,1165
184,3,411
66,9,872
367,6,978
6,1,1015
41,1,770
35,8,87
70,8,445
419,3,712
195,8,60
244,1,26
15,5,754
492,6,7
276,2,392
372,6,134
371,2,669
100,4,943
116,2,1196
202,5,1034
309,6,993
259,8,977
431,7,606
410,7,620
274,7,433
10,2,411
289,8,301
192,4,1159
377,2,830
484,9,795
181,1,265
154,5,756
294,2,868
96,7,675
20,7,750
381,8,1082
150,9,141
235,3,958
263,3,1103
41,9,878
127,1,822
71,6,288
54,5,270
127,1,392
498,9,67
456,5,16
268,4,23
381,6,736
51,3,622
421,6,291
477,9,172
418,9,1010
338,3,46
355,4,991
376,3,844
206,9,520
23,9,610
204,8,1200
367,3,210
91,6,1032
325,4,933
265,2,390
148,5,285
65,7,1132
363,1,134
442,5,268
344,8,1085
81,5,288
23,6,551
87,4,810
424,9,138
82,3,122
372,6,731
420,6,885
2,8,264
451,3,948
401,9,517
197,9,177
293,9,222
404,5,1095
54,9,1026
226,2,1080
14,2,307
59,2,473
80,6,709
456,2,943
48,7,545
102,5,672
210,8,490
184,3,1148
264,1,986
44,7,923
35,8,952
50,6,1127
311,5,1050
362,4,929
328,4,199
364,1,806
208,6,1128
169,2,655
306,5,1114
196,6,529
149,5,264
273,3,229
230,7,459
80,6,243
334,8,873
236,2,67
162,3,79
403,8,836
367,2,690
341,5,1059
376,4,168
331,1,1154
33,4,106
209,4,540
182,7,1142
93,7,602
493,5,1019
46,9,994
406,8,582
370,3,1125
308,3,794
421,1,965
157,5,1087
347,9,794
342,1,425
244,1,1024
114,6,325
229,7,789
387,9,230
174,7,184
326,9,748
365,6,122
311,2,57
25,9,317
169,5,925
118,6,1087
197,6,70
106,9,283
491,8,744
499,6,1085
16,9,80
398,6,276
163,7,363
160,5,342
1,7,624
124,2,108
426,3,421
163,3,853
197,2,263
52,7,119
363,4,789
337,2,275
331,5,395
476,5,1147
174,8,1165
362,3,844
271,9,1181
64,6,451
431,6,168
27,9,1196
27,2,1160
278,6,212
336,4,989
390,8,1116
496,2,271
276,8,1165
90,4,316
103,2,708
79,3,731
208,3,502
58,3,620
245,6,804
389,7,292
141,4,775
420,6,1030
370,5,706
431,8,994
172,4,974
234,9,298
231,1,355
384,7,969
407,8,684
212,3,273
497,1,405
313,5,591
452,2,575
357,2,217
85,2,736
398,8,760
240,5,2
266,4,777
85,1,1118
317,8,24
248,7,101
424,5,457
155,1,476
476,4,212
398,3,724
454,4,360
241,2,847
376,6,242
224,2,266
475,9,913
186,4,770
135,8,441
109,1,244
91,6,25
282,8,1146
148,9,627
471,5,717
496,9,410
466,9,1040
241,7,807
17,1,322
474,5,87
11,4,1079
444,8,1120
70,8,634
280,2,784
190,3,906
480,7,573
262,3,352
241,9,352
378,2,568
120,7,849
67,9,311
248,6,22
430,1,1068
343,2,1063
390,7,792
213,5,1138
270,8,779
269,7,1056
321,5,421
191,2,1188
7,1,1012
67,7,98
348,8,191
365,6,428
14,7,986
50,4,1173
313,2,542
150,1,428
199,7,295
213,3,1200
430,4,54
89,8,1054
117,9,743
40,1,1060
213,7,640
162,7,220
258,9,1016
265,9,23
82,8,175
362,4,267
459,6,1002
365,8,779
164,4,348
283,7,547
277,8,97
489,1,673
443,9,661
79,4,824
425,8,1070
57,1,729
230,1,954
352,6,1159
328,2,379
353,7,538
137,7,850
79,8,1020
448,6,1194
398,8,839
133,6,469
133,7,725
17,2,560
443,8,163
372,3,1180
413,6,678
255,3,1093
299,5,502
245,7,1086
134,1,260
191,3,1059
86,4,1186
408,1,104
492,8,949
219,5,380
196,3,1102
177,8,1173
351,9,1184
354,4,178
129,8,496
25,9,286
57,7,569
431,8,746
172,7,686
18,8,192
481,5,33
470,8,1168
170,4,923
393,8,489
17,4,227
423,6,1184
173,1,225
395,5,839
154,1,846
322,9,722
387,6,761
25,6,990
89,5,775
88,2,145
488,2,27
453,4,318
471,5,43
125,8,1064
396,6,525
260,8,331
194,1,388
44,7,675
200,7,89
474,5,703
412,1,88
485,7,579
409,1,948
97,4,1003
96,7,214
441,2,4
471,8,882
272,1,544
108,6,987
364,9,951
249,4,508
284,1,27
461,3,1041
184,6,273
243,8,103
356,2,315
281,5,609
375,2,450
490,1,444
459,6,1135
352,2,640
123,2,733
433,4,341
317,9,678
467,3,436
190,5,753
334,1,404
447,6,851
242,9,633
232,7,937
188,7,130
263,3,1071
222,8,900
491,1,324
244,9,660
486,3,472
276,5,387
142,2,542
233,2,251
177,9,545
391,2,1158
172,6,1021
72,8,417
470,4,298
187,3,1159
341,9,59
484,6,818
186,2,1065
260,7,789
494,3,846
368,3,1061
315,7,127
394,6,872
217,2,1025
392,9,676
210,4,105
216,7,1187
299,5,897
464,7,416
260,5,782
277,5,82
498,1,395
61,8,981
32,3,529
497,5,1017
187,1,322
239,4,44
203,5,626
173,1,887
191,3,1126
246,8,457
23,6,271
303,9,828
208,3,854
111,1,688
421,3,186
364,7,44
307,2,130
238,8,182
84,9,688
381,4,622
219,3,823
277,7,1046
297,5,151
357,7,58
255,8,883
281,9,115
265,4,719
488,4,136
13,2,1130
40,2,863
120,3,4
483,9,1071
486,8,1113
421,9,484
241,9,781
105,6,422
69,4,984
191,1,507
77,7,518
173,3,307
128,4,1050
262,5,589
289,2,791
33,8,258
74,5,441
40,8,615
293,8,426
264,5,957
109,9,534
149,4,450
26,5,407
419,7,1177
97,7,280
383,6,385
307,2,676
486,3,1115
397,1,883
12,4,784
149,7,317
419,1,617
395,6,35
218,6,399
197,3,25
420,9,71
307,4,694
500,6,1154
179,4,547
199,1,17
438,1,694
136,2,469
403,7,1191
429,1,954
400,7,463
192,3,401
50,7,657
483,6,1023
363,8,466
55,8,1031
105,5,812
53,3,334
330,3,125
310,2,470
342,3,1195
69,3,664
331,1,315
67,3,453
22,2,1062
132,4,578
312,9,822
208,1,1184
463,5,587
329,6,660
102,2,1093
477,3,533
367,9,1097
431,6,1194
242,2,613
162,5,598
106,3,376
286,6,359
325,8,441
388,7,893
433,7,506
334,9,323
63,2,1004
321,7,663
336,4,391
301,6,637
307,6,793
438,7,1044
401,2,781
33,5,640
110,3,1096
206,4,140
179,8,1012
470,7,545
378,6,504
486,5,160
143,8,741
334,9,990
40,5,553
397,4,475
237,2,336
195,4,268
457,9,794
232,1,247
205,6,94
88,9,390
11,1,875
193,6,1117
254,2,206
130,4,1129
264,2,278
55,3,230
156,8,1171
205,6,1075
148,9,230
115,5,907
28,3,100
481,2,904
297,8,773
422,5,526
472,2,326
330,9,778
259,3,419
200,1,302
170,2,441
432,9,887
364,2,24
213,6,346
184,2,787
216,3,336
245,7,134
434,3,1089
160,7,659
77,4,882
106,1,584
465,3,1200
267,9,319
11,3,982
215,6,1105
269,3,4
365,1,816
289,8,146
110,5,578
243,2,1138
3,3,420
313,9,1007
266,9,425
126,4,1112
413,9,235
291,8,711
340,6,1
27,5,1121
206,4,750
25,6,58
370,5,915
268,6,530
452,9,549
21,9,1154
466,3,879
34,1,1091
204,3,1054
367,5,185
47,9,379
477,4,849
69,8,491
293,2,24
398,2,974
104,5,993
404,4,240
99,5,241
291,3,505
84,7,625
472,2,359
429,5,329
479,9,893
378,9,542
263,9,129
332,8,1142
97,1,418
372,3,570
206,5,773
212,4,1012
480,7,506
65,3,519
230,7,89
281,1,1040
305,2,330
403,1,822
52,6,189
310,4,738
141,8,683
41,8,1004
28,7,734
274,2,897
446,9,1031
366,9,1152
404,6,149
453,7,372
472,4,383
383,8,907
254,7,310
314,5,646
154,9,540
137,4,50
409,1,1029
475,2,356
144,3,826
160,8,165
338,7,680
234,6,675
55,7,1153
318,9,91
95,6,574
159,7,445
392,3,948
425,3,862
294,5,282
428,8,803
336,2,925
32,6,188
316,5,327
306,9,396
500,7,11
208,9,580
15,8,461
116,5,186
249,1,838
208,7,357
19,8,299
47,3,632
248,4,939
11,9,1199
95,4,1198
220,3,366
133,5,969
290,2,1050
479,1,988
136,7,383
358,2,102
227,8,909
396,8,1058
205,1,732
177,5,307
320,6,1056
447,3,1005
71,8,893
262,9,453
146,1,171
375,5,148
306,8,980
466,6,60
229,2,876
309,5,26
268,5,538
250,3,979
183,8,306
14,8,703
134,6,1029
72,8,758
165,8,47
263,3,1156
404,8,101
463,3,357
225,1,708
245,8,755
120,2,371
374,3,823
496,1,1083
423,7,26
436,1,250
8,4,98
285,3,888
100,6,270
325,5,212
438,6,620
296,9,377
348,5,350
455,6,884
236,4,312
346,1,910
286,9,43
80,1,1033
429,3,6
246,5,882
85,9,741
482,2,944
280,6,330
475,7,631
398,6,974
342,3,4
298,3,606
265,5,1155
94,5,65
104,2,375
373,1,388
135,1,1035
203,9,725
131,8,989
305,9,1184
443,8,397
287,6,449
387,2,985
150,6,431
331,8,1106
182,2,1001
99,8,594
65,6,1175
50,4,664
252,3,1170
484,9,917
263,3,1167
252,8,653
19,1,984
500,5,36
252,8,523
354,2,343
176,6,438
207,7,911
484,8,983
436,9,1091
446,1,902
31,2,473
71,9,138
351,1,1150
310,5,88
234,5,391
322,7,1084
450,6,342
167,5,876
427,1,686
196,1,1096
381,3,561
391,1,913
178,7,269
132,7,559
72,2,394
283,2,1163
304,3,1114
414,6,334
92,6,1194
204,1,891
50,7,365
140,4,1098
82,8,988
370,6,132
260,2,1036
177,2,27
291,3,807
111,6,286
91,5,383
26,7,1091
451,9,642
265,2,980
274,5,156
25,1,615
313,1,619
283,1,2
366,3,534
39,4,1105
89,2,942
415,8,139
192,7,694
132,4,439
311,6,142
191,7,557
123,3,215
356,1,1046
130,9,494
251,7,178
119,9,653
423,1,756
399,5,76
166,3,43
249,9,543
9,4,109
320,6,185
138,1,571
10,2,466
84,8,780
321,7,619
313,2,482
346,4,153
455,2,425
26,5,439
203,8,43
119,1,901
431,1,303
334,3,855
420,8,862
415,7,34
363,1,937
21,8,1119
48,7,273
61,9,673
388,3,59
499,2,718
32,6,868
420,9,1198
451,9,143
437,5,318
394,3,834
256,1,990
81,9,318
130,1,63
497,7,736
70,1,799
444,5,822
269,8,1123
44,1,389
265,7,177
44,5,629
193,9,985
78,3,1034
259,4,759
201,5,101
406,4,119
221,5,1035
280,3,339
93,5,593
459,1,514
289,3,76
228,7,552
176,7,641
96,9,20
260,4,820
131,4,44
273,9,369
105,2,1031
228,5,390
279,2,1062
278,4,274
51,7,385
314,2,65
193,7,519
325,5,775
78,1,218
71,6,255
196,2,842
128,3,827
432,6,139
64,9,861
111,2,22
349,6,457
352,7,550
190,4,277
176,8,323
144,4,319
404,8,618
55,2,128
195,9,289
237,3,963
408,6,754
197,9,509
372,7,48
375,8,629
295,3,809
394,9,1070
364,6,691
145,1,826
163,2,700
51,5,112
91,6,140
379,2,166
274,1,348
134,8,336
420,6,498
285,3,838
257,8,139
281,2,59
482,7,920
338,2,50
171,8,778
88,7,821
476,9,279
116,9,777
313,2,271
149,7,1109
265,1,128
245,3,290
4,7,1128
366,4,502
366,8,262
365,8,1062
249,1,359
46,4,684
142,4,333
141,9,637
186,2,654
74,6,974
310,1,102
483,9,948
488,6,770
376,6,25
179,2,852
102,4,25
32,8,700
70,7,946
318,6,1088
324,5,490
421,3,561
454,5,380
394,1,755
179,4,380
416,2,478
379,5,940
71,9,449
491,3,1188
192,9,603
91,9,808
297,5,1114
180,8,750
455,5,314
437,6,860
315,2,862
449,6,7
84,8,443
218,3,1
354,5,464
146,6,1091
480,1,378
152,6,1077
63,8,1167
274,7,387
97,9,892
50,9,429
400,7,482
401,2,152
292,3,39
261,3,416
346,6,46
195,5,880
329,3,1161
126,1,653
425,1,374
491,4,274
228,8,613
78,5,797
443,5,324
393,6,296
267,2,1040
71,3,1200
485,5,580
19,7,230
29,8,185
315,3,444
279,1,1074
403,8,174
235,3,632
351,8,7
467,8,208
356,9,109
296,9,1160
73,9,512
175,7,949
387,8,648
128,4,57
449,7,1113
401,7,702
455,7,705
129,8,1062
111,8,899
238,7,713
4,4,1191
329,6,719
384,5,564
112,3,321
390,1,846
210,8,203
32,9,1189
235,3,967
462,4,719
330,1,513
216,1,936
457,7,724
371,7,1158
48,5,487
428,2,119
190,3,225
298,6,592
259,4,1
337,7,695
331,4,971
19,3,220
84,1,25
72,2,353
474,1,198
394,8,760
427,1,594
417,6,709
500,1,1016
94,1,815
17,2,424
250,9,1060
439,9,1188
426,9,397
113,6,804
227,3,368
176,9,1162
148,8,117
394,3,37
238,6,188
77,9,843
61,7,40
340,8,1130
273,2,831
74,6,377
65,3,1066
255,5,777
430,4,836
369,4,29
456,6,1144
176,2,479
166,8,841
181,2,1002
405,1,443
424,6,307
400,1,938
234,8,943
98,4,1
135,1,607
250,1,688
13,4,475
40,3,711
405,7,1072
274,6,740
343,3,1155
151,2,473
155,6,550
354,8,942
440,7,77
47,7,777
287,8,345
138,4,893
73,3,1199
469,3,535
304,2,1101
252,4,511
295,1,430
45,7,193
329,4,366
396,3,554
499,3,1186
351,6,937
237,6,1193
277,8,577
423,1,340
132,8,161
76,2,1063
420,5,172
375,8,358
95,4,1080
354,1,123
1,7,363
397,2,1117
426,6,960
375,6,959
162,2,328
236,5,690
274,9,869
259,9,402
152,1,1116
400,1,5
173,3,385
15,8,483
338,3,796
398,7,113
453,5,1193
280,9,835
161,1,956
310,3,1199
483,5,828
183,9,40
486,9,839
325,1,651
256,5,1109
452,1,274
204,9,61
70,1,804
65,2,125
368,2,450
25,1,484
36,1,1067
141,3,30
372,5,56
158,7,392
375,8,762
91,3,146
221,3,558
93,1,909
383,5,702
54,6,52
248,6,522
253,6,491
217,2,232
497,2,911
75,6,1103
230,3,1010
277,7,1127
191,3,569
380,1,852
454,2,831
286,4,440
347,7,341
15,8,843
482,8,550
249,2,189
438,9,365
383,1,881
159,4,563
154,8,552
330,4,463
19,7,352
19,3,921
223,7,922
429,4,874
424,5,1040
451,4,658
347,7,698
40,8,804
70,9,965
66,3,711
92,9,905
495,3,418
78,5,136
28,6,1114
480,4,66
214,6,940
183,1,569
359,8,988
82,3,90
181,6,147
455,4,228
287,9,1097
389,3,745
175,9,132
310,5,520
432,9,127
277,6,880
488,5,317
497,4,708
341,7,48
237,2,653
124,3,576
27,9,607
215,6,86
265,1,495
265,8,1056
87,3,640
441,2,804
177,1,173
438,7,27
229,2,1003
340,4,781
372,3,471
288,7,739
362,5,533
493,4,848
392,6,646
428,7,289
2,2,84
348,8,1109
319,3,890
66,9,1007
219,9,1091
347,4,737
406,9,1198
234,3,1018
215,2,824
460,9,941
372,7,1026
468,4,449
1,5,82
367,3,38
335,8,1180
91,5,246
410,1,978
201,6,292
226,3,629
496,1,254
201,4,987
129,8,548
140,3,1121
262,8,941
199,1,245
54,8,1187
112,5,924
364,4,1000
344,5,959
52,8,861
36,1,83
202,6,423
307,9,775
256,5,30
142,9,162
389,5,802
54,3,253
161,5,676
320,2,785
232,5,881
71,7,261
474,2,258
317,3,817
407,1,302
403,1,336
73,7,227
89,6,496
151,3,349
73,8,36
157,5,748
382,9,152
268,7,424
324,3,1090
302,4,90
183,2,1184
233,7,158
323,7,198
463,3,1030
83,8,1019
181,4,867
86,7,572
126,1,338
118,9,367
477,2,1083
284,7,184
303,5,493
372,7,898
106,2,397
379,3,76
163,8,447
447,6,101
165,8,407
192,3,725
277,9,1056
166,9,341
413,6,947
135,7,269
488,4,685
302,4,447
444,9,12
281,2,1080
399,8,343
226,8,943
127,5,180
470,4,830
162,3,207
363,1,525
43,2,248
153,3,315
334,5,682
211,4,986
250,8,380
77,3,911
419,5,408
46,1,96
179,2,481
205,6,70
456,9,202
356,4,323
335,9,206
305,3,906
249,2,1055
404,3,1169
460,1,538
77,4,1097
359,8,1010
369,1,534
410,7,558
189,3,160
287,2,650
435,8,1021
271,1,379
433,6,61
478,1,185
303,9,756
298,5,71
167,5,643
330,5,530
76,4,789
338,2,620
391,3,798
468,8,903
413,1,411
218,6,233
196,9,505
304,4,945
129,7,318
222,1,671
490,1,854
473,9,38
485,4,193
425,1,97
295,9,106
128,7,887
212,5,6
118,6,904
466,8,1053
260,7,85
354,1,292
277,2,256
398,1,29
313,1,943
148,3,467
304,6,957
236,9,1123
168,3,466
496,5,265
277,5,832
110,9,631
245,2,756
297,5,1052
472,4,875
321,2,1127
87,6,526
358,8,594
36,3,1004
307,7,662
174,2,1096
285,8,665
385,8,713
231,5,443
60,8,461
383,3,382
359,1,432
227,6,736
453,4,1141
45,7,23
61,6,200
220,9,387
233,8,1176
211,7,795
449,7,401
426,2,193
461,6,1200
359,8,761
205,6,321
448,9,17
217,1,764
273,1,606
254,9,141
411,6,152
159,6,189
11,1,989
373,8,1176
103,1,565
379,2,432
429,9,1156
24,4,1068
500,8,580
276,4,534
275,1,938
31,7,421
223,4,834
85,5,1141
345,7,711
215,1,428
135,9,1176
448,9,73
138,9,2
169,6,1197
310,9,168
492,5,291
224,6,514
384,6,450
198,6,616
9,2,61
105,5,80
181,4,159
327,9,311
210,1,1106
123,9,274
496,8,746
69,2,89
262,7,704
388,4,715
422,9,848
28,1,129
396,1,935
26,7,248
450,4,349
222,9,969
145,5,657
470,6,814
154,8,1024
165,6,167
452,7,980
314,1,1102
302,8,223
187,1,810
154,7,802
303,4,455
247,1,764
419,1,555
163,1,969
160,7,91
158,9,730
84,3,92
423,4,805
281,7,432
93,6,863
394,4,677
191,9,712
417,3,284
335,2,189
383,3,147
78,2,417
155,6,740
349,1,191
143,1,882
368,1,559
252,6,311
76,4,575
378,8,1195
372,4,529
126,7,1004
44,7,716
269,4,1056
321,6,214
345,5,124
287,7,1189
227,7,551
199,5,590
429,3,425
413,1,1139
431,9,905
266,2,812
308,9,888
496,5,848
283,4,175
468,4,907
445,5,835
469,5,1120
83,3,843
124,2,367
409,2,564
168,9,1110
495,5,1159
144,6,1034
342,8,1045
479,7,892
136,6,1114
492,8,1039
40,6,1120
254,4,140
184,6,92
16,4,891
406,4,299
349,9,1158
402,3,730
371,4,139
62,2,257
98,4,199
348,2,106
326,4,338
261,1,1008
38,4,932
325,8,671
381,6,322
226,9,131
288,2,1186
57,4,697
218,6,1001
29,6,864
475,8,468
371,4,1028
68,2,1074
202,5,771
216,1,230
189,5,455
474,6,603
419,4,1030
97,9,857
179,1,380
83,8,985
302,9,318
151,9,1113
471,3,1105
21,6,472
241,8,361
31,3,1100
148,8,1100
367,5,562
421,9,777
144,8,91
494,8,442
314,2,893
489,9,844
474,7,1147
327,2,586
167,8,564
255,3,1159
378,5,611
333,4,1084
495,6,549
184,4,941
1,5,952
156,2,526
69,1,876
316,5,838
153,4,46
53,9,1054
117,2,692
230,6,115
209,2,543
100,7,433
136,7,1160
304,6,790
138,1,836
149,2,59
83,5,814
102,5,1162
185,9,172
109,6,968
45,5,1162
321,2,755
28,3,824
472,8,1147
118,8,560
430,2,63
319,1,876
227,3,1011
75,2,474
421,8,394
448,8,117
165,9,100
499,5,167
290,5,358
136,8,988
414,8,91
108,3,293
310,7,1133
288,9,1027
128,7,315
318,9,631
149,1,783
422,3,668
107,1,165
399,1,70
41,1,381
81,5,867
482,9,358
338,9,588
324,4,290
274,4,1128
203,8,302
308,1,64
194,9,619
135,1,1136
475,8,818
458,5,636
137,3,334
222,4,347
383,2,256
252,1,429
393,4,258
123,4,1189
325,4,548
319,3,593
147,7,584
148,8,698
488,9,883
430,5,984
143,3,177
158,9,556
326,5,839
395,8,351
306,8,997
495,9,132
71,5,922
201,5,3
273,5,663
297,9,845
168,2,428
407,7,501
346,2,198
265,8,930
96,2,389
94,7,596
427,2,670
6,5,76
413,1,86
215,2,476
101,3,881
304,8,458
323,7,409
19,4,593
452,9,141
293,2,27
65,9,334
175,7,1099
125,8,700
83,8,1003
134,5,198
477,3,240
266,8,390
173,2,836
70,7,734
140,9,707
439,1,1063
342,2,209
245,8,565
156,2,178
69,7,778
117,8,519
373,1,946
410,6,405
380,9,274
497,7,8
187,5,293
218,2,877
361,5,1173
154,8,773
211,3,673
99,3,592
34,4,534
403,3,1086
402,9,762
168,3,67
205,1,408
259,7,688
243,4,931
51,1,934
454,7,119
7,1,867
294,3,597
125,2,100
478,9,46
390,1,481
494,9,1129
483,9,526
6,4,974
260,1,56
312,8,384
189,2,512
498,9,167
348,1,438
420,5,418
171,2,199
78,7,287
39,9,88
289,5,1175
402,7,96
362,4,765
402,2,932
324,4,410
346,2,336
275,1,636
227,7,141
172,8,38
170,8,551
333,4,66
104,2,1195
478,7,837
216,1,705
222,9,687
55,8,932
229,1,928
338,5,1132
450,1,1088
399,5,285
243,8,381
457,4,761
362,3,1197
123,1,637
186,7,1047
95,8,527
91,1,341
271,2,771
180,2,549
56,8,356
292,6,652
6,3,191
20,9,907
299,6,572
335,8,1027
492,4,978
403,6,1114
396,8,1098
398,7,687
171,6,344
272,3,48
11,5,506
73,4,1131
417,6,822
202,1,1027
220,1,1009
388,4,554
352,5,564
84,3,128
51,9,230
492,5,752
429,5,236
470,3,705
87,9,889
130,1,931
397,3,370
135,1,973
248,4,749
280,2,54
498,3,145
149,5,32
122,7,521
93,5,432
194,4,773
134,3,519
169,8,251
169,2,191
414,9,890
231,8,620
479,5,619
376,9,22
55,1,788
377,1,964
175,5,325
203,4,620
403,6,781
277,5,784
460,8,709
56,7,370
249,1,644
417,6,896
138,9,869
25,4,546
40,5,534
422,8,799
314,4,517
473,4,139
456,2,749
61,2,382
214,3,538
302,7,905
445,3,814
260,5,1047
375,8,113
63,3,228
26,1,718
136,8,616
173,6,1013
57,6,51
218,7,1119
443,6,263
471,6,720
391,7,614
343,3,82
192,2,758
392,1,694
308,9,85
21,7,389
334,2,813
54,2,1023
210,7,13
302,6,51
167,9,685
41,3,1021
48,3,895
357,9,484
217,3,229
427,5,1074
264,1,880
78,4,1155
399,6,1151
82,1,667
10,9,434
75,4,320
451,3,355
262,2,291
280,7,1193
283,6,553
146,1,163
411,3,1116
457,9,675
123,2,295
286,8,1076
228,4,292
223,9,1105
112,5,401
382,2,1114
284,1,1071
80,6,243
72,4,179
434,9,471
44,4,222
32,9,776
394,5,645
321,5,960
321,8,103
367,8,486
129,5,1077
411,3,1030
160,5,585
71,7,665
208,2,453
307,6,610
13,9,711
265,9,1111
190,2,959
260,3,922
394,9,1115
426,5,647
47,1,295
346,2,600
368,8,689
286,3,280
426,7,112
176,4,1091
465,1,707
132,6,57
152,8,158
205,6,878
67,6,207
409,6,325
409,1,86
10,6,1105
497,4,630
13,1,326
302,9,996
79,6,315
69,9,1146
133,6,642
151,9,1120
228,6,761
193,3,317
302,1,345
201,9,1014
296,7,605
144,2,433
432,5,916
215,5,1147
98,3,760
84,1,23
20,3,397
397,3,963
431,8,979
50,3,182
204,3,593
19,9,1074
51,5,510
55,4,1150
482,6,1178
214,3,62
303,9,967
286,9,839
160,2,148
346,7,131
20,8,1144
255,8,326
194,1,481
28,2,872
273,9,158
126,2,351
238,8,592
263,8,672
330,8,942
76,5,539
267,4,338
149,3,65
10,5,418
69,2,135
430,2,632
241,9,1138
233,4,109
332,7,1181
222,8,572
2,2,38
189,4,479
256,2,351
479,7,998
273,8,318
144,5,944
2,2,1066
336,5,14
7,1,1127
380,4,935
227,1,934
138,3,1098
34,1,385
430,4,297
423,5,786
426,4,249
332,3,790
339,7,784
138,3,866
269,4,94
454,8,373
145,5,1118
270,5,172
360,5,380
47,3,1184
16,6,1053
133,8,401
339,6,584
213,1,1049
344,6,709
411,1,1057
493,8,574
10,5,484
38,4,965
404,8,1023
170,4,108
419,3,203
30,2,598
246,7,779
227,6,795
178,9,108
399,7,650
372,1,197
415,1,238
13,6,1162
252,8,546
151,4,960
399,5,40
351,9,826
471,1,997
267,6,550
455,3,1026
90,3,1017
207,9,811
131,2,996
92,5,1004
176,3,209
158,1,274
72,1,1067
20,3,60
407,7,602
127,3,33
236,2,875
279,8,716
263,5,811
55,8,662
351,1,144
499,6,1166
252,4,1154
36,7,275
447,4,860
13,5,597
174,3,186
495,5,312
227,6,1054
390,2,683
415,6,424
90,8,978
175,3,211
471,4,689
176,9,1099
453,8,309
493,5,548
219,4,299
218,8,1103
129,7,335
105,7,31
159,1,715
232,7,1077
264,4,364
424,6,1183
245,1,530
488,2,1080
380,9,1075
486,4,428
31,8,252
85,9,1077
484,3,498
250,6,1089
382,4,593
280,7,326
94,9,304
21,3,62
414,3,131
186,4,1086
436,1,685
254,1,781
314,5,1197
187,3,925
232,1,85
159,6,832
70,6,970
369,2,51
8,6,940
91,8,52
139,4,855
454,2,309
413,9,319
319,1,1086
406,7,711
323,1,823
332,2,222
484,7,1174
27,9,767
24,7,394
487,5,987
410,7,30
275,6,513
4,8,63
485,2,37
265,4,516
329,2,1005
404,8,855
196,7,482
59,6,798
274,5,187
144,6,193
324,5,76
232,3,983
258,7,762
48,4,1071
190,1,619
84,5,56
102,6,578
265,9,66
328,3,33
443,6,841
396,1,596
375,3,408
74,4,1139
99,1,269
94,9,678
254,5,955
371,3,742
62,1,374
47,1,675
185,8,33
452,4,57
364,7,871
63,9,895
40,9,892
238,4,320
188,6,1049
484,7,722
484,2,276
36,5,959
211,5,815
27,1,368
436,7,556
318,8,938
196,3,54
366,4,343
175,8,1151
379,4,783
486,7,895
197,4,1191
62,8,929
34,5,469
58,6,1157
165,6,530
302,6,910
88,2,307
453,9,153
158,3,463
402,6,983
22,9,165
136,2,339
437,5,1047
499,8,333
245,9,87
333,4,516
281,1,77
120,1,19
353,6,1171
499,2,393
217,8,819
222,3,15
356,9,818
155,6,926
131,7,646
481,4,971
173,3,367
227,6,956
490,8,245
172,9,166
95,7,489
432,7,1164
456,4,1083
276,5,991
312,7,451
118,8,1067
484,2,1076
399,1,1046
321,9,73
144,4,509
417,5,961
169,2,875
361,9,547
178,7,535
383,6,184
189,3,379
58,6,320
106,1,903
114,8,599
234,5,1179
111,3,836
70,6,1116
419,2,956
56,1,1147
285,4,723
442,3,396
469,1,873
462,9,1031
185,8,984
160,5,1098
207,2,1138
43,4,668
442,6,42
232,6,205
67,7,406
304,7,922
338,2,439
114,6,971
328,4,1165
328,2,1138
290,2,104
315,3,293
391,3,569
184,5,285
120,6,855
123,7,873
35,5,307
293,9,614
486,7,328
174,5,740
51,9,318
358,7,914
71,5,777
231,6,739
98,7,980
304,3,158
284,1,344
392,5,939
118,1,1053
112,9,453
357,3,144
172,6,296
369,5,400
481,8,742
239,2,785
494,6,114
374,6,525
167,7,799
204,5,504
364,3,1137
42,2,977
277,6,300
410,7,270
236,4,674
488,4,1106
473,4,872
159,4,222
216,1,450
268,9,455
202,4,853
185,1,233
215,7,1135
37,9,621
336,3,344
13,9,411
381,2,462
196,5,818
317,1,69
482,4,123
254,3,1145
172,2,769
392,3,468
32,5,938
337,5,1166
461,8,594
207,2,598
446,1,270
480,3,537
339,2,723
175,4,483
92,4,834
253,9,55
27,8,214
15,5,544
112,2,784
241,4,32
97,4,896
207,4,1098
27,2,614
124,1,791
434,5,422
160,7,720
157,5,592
385,5,517
431,4,951
204,3,253
302,8,623
310,6,1014
496,8,1029
3,4,388
410,8,211
493,3,1075
38,2,417
285,2,949
78,8,1144
177,8,862
283,4,193
97,1,684
171,7,786
389,9,908
221,8,813
396,7,768
26,8,912
11,1,552
459,3,1084
11,9,1116
51,7,49
228,6,712
58,4,172
300,1,806
